x,Sample1,Sample2,Sample3,Sample4
461.65,0,0,0,2.58E-08
461.725,0,0,5.84E-08,2.73E-07
461.8,0,0,6.23E-07,1.04E-06
461.875,1.25E-06,0,9.55E-07,1.18E-06
461.95,9.27E-07,0,6.39E-08,7.36E-07
462.025,0,0,0,8.21E-07
462.1,8.45E-07,0,0,1.23E-06
462.175,3.68E-06,0,0,8.83E-07
462.25,2.42E-06,0,0,5.59E-07
462.325,2.95E-06,0,0,9.67E-07
462.4,5.49E-06,0,0,6.96E-07
462.475,4.36E-06,0,0,5.99E-07
462.55,1.00E-06,0,0,7.63E-07
462.625,2.37E-06,0,0,1.22E-06
462.7,6.70E-06,0,4.83E-08,1.82E-06
462.775,4.74E-06,5.80E-07,1.40E-06,1.55E-06
462.85,1.73E-06,3.15E-06,1.60E-06,1.68E-06
462.925,4.52E-07,4.27E-06,1.33E-06,1.40E-06
463,0,0,6.40E-07,1.42E-06
463.075,0,1.59E-06,2.07E-07,1.62E-06
463.15,0,4.37E-06,1.93E-07,1.40E-06
463.225,0,2.03E-06,6.80E-07,1.32E-06
463.3,0,0,5.15E-07,9.34E-07
463.375,0,0,6.29E-07,5.94E-07
463.45,2.55E-07,0,1.12E-06,1.20E-06
463.525,2.28E-06,9.73E-08,1.18E-06,1.76E-06
463.6,4.51E-06,1.57E-06,7.02E-07,2.48E-06
463.675,4.98E-07,5.95E-06,8.50E-07,2.33E-06
463.75,0,1.64E-06,0,2.71E-06
463.825,0,1.07E-07,1.14E-07,1.48E-06
463.9,0,0,5.95E-07,4.42E-07
463.975,0,0,5.97E-07,3.27E-07
464.05,0,0,2.43E-08,9.08E-08
464.125,1.99E-06,0,3.50E-07,2.25E-07
464.2,4.86E-06,0,9.22E-07,1.05E-06
464.275,5.48E-06,0,9.34E-07,1.54E-06
464.35,1.41E-06,0,4.68E-07,2.80E-06
464.425,0,0,7.69E-07,3.70E-06
464.5,0,3.45E-07,1.08E-06,2.60E-06
464.575,1.51E-07,2.93E-06,7.47E-07,2.11E-06
464.65,2.14E-06,4.97E-06,4.26E-07,2.48E-06
464.725,4.27E-06,5.52E-07,7.17E-07,3.17E-06
464.8,2.70E-06,0,2.23E-07,2.24E-06
464.875,8.71E-06,0,1.02E-07,1.82E-06
464.95,4.84E-06,0,7.63E-07,1.85E-06
465.025,5.01E-06,0,1.15E-06,2.26E-06
465.1,9.11E-06,0,1.16E-06,2.16E-06
465.175,3.40E-06,0,1.17E-06,2.67E-06
465.25,8.13E-07,0,1.02E-06,2.76E-06
465.325,2.65E-06,0,2.51E-07,2.18E-06
465.4,8.04E-06,0,9.02E-07,2.44E-06
465.475,4.05E-06,0,4.89E-07,2.32E-06
465.55,3.71E-06,0,6.25E-07,1.58E-06
465.625,2.57E-06,0,5.58E-07,1.05E-06
465.7,1.82E-07,0,0,4.46E-07
465.775,0,7.07E-08,0,1.52E-06
465.85,0,1.34E-06,2.54E-07,3.23E-06
465.925,1.07E-06,6.02E-06,8.86E-07,1.88E-06
466,3.99E-06,3.40E-06,1.07E-06,1.08E-06
466.075,1.81E-06,4.58E-06,4.05E-07,1.54E-06
466.15,0,3.52E-06,9.29E-08,1.30E-06
466.225,0,3.52E-06,1.20E-06,6.81E-07
466.3,2.30E-06,7.17E-06,1.37E-06,4.37E-07
466.375,5.21E-06,4.41E-06,2.33E-07,4.65E-07
466.45,4.94E-06,1.44E-06,2.28E-07,1.25E-06
466.525,3.39E-06,0,8.30E-07,7.14E-07
466.6,7.11E-06,0,1.23E-06,8.06E-07
466.675,4.53E-06,0,1.04E-06,1.64E-06
466.75,2.43E-08,0,6.13E-07,9.84E-07
466.825,4.99E-06,0,2.66E-10,2.77E-07
466.9,6.92E-06,0,6.17E-07,7.46E-07
466.975,3.25E-06,0,1.50E-06,1.72E-06
467.05,3.97E-06,0,4.59E-07,1.29E-06
467.125,1.48E-06,0,8.42E-08,1.41E-06
467.2,0,0,7.25E-07,1.89E-06
467.275,0,0,6.08E-07,1.94E-06
467.35,0,0,5.61E-07,1.26E-06
467.425,0,0,7.93E-07,1.20E-06
467.5,0,0,3.61E-07,7.74E-07
467.575,0,0,7.55E-07,1.07E-06
467.65,1.43E-06,0,2.71E-07,6.34E-07
467.725,8.11E-06,0,7.46E-08,1.34E-07
467.8,5.26E-06,0,8.75E-07,8.86E-07
467.875,3.12E-06,0,2.18E-06,1.64E-06
467.95,3.53E-06,0,2.64E-06,1.08E-06
468.025,3.79E-08,0,1.16E-06,1.53E-06
468.1,0,0,9.78E-07,1.72E-06
468.175,0,0,5.27E-07,9.77E-07
468.25,0,0,1.44E-06,1.27E-06
468.325,0,0,9.16E-07,2.49E-06
468.4,0,0,1.09E-07,1.98E-06
468.475,2.62E-06,0,4.74E-07,1.38E-06
468.55,3.41E-06,0,1.51E-06,2.32E-06
468.625,2.26E-06,1.69E-08,2.12E-06,2.01E-06
468.7,4.17E-06,1.72E-06,1.86E-06,8.79E-07
468.775,1.27E-06,9.00E-06,7.35E-07,1.78E-06
468.85,7.33E-07,1.70E-05,7.94E-07,1.24E-06
468.925,3.54E-06,1.35E-05,1.86E-06,1.52E-06
469,5.93E-06,4.03E-06,2.23E-06,2.06E-06
469.075,3.74E-06,2.85E-06,1.67E-06,7.40E-07
469.15,2.25E-06,4.12E-06,4.14E-07,1.03E-06
469.225,5.04E-06,1.37E-06,1.11E-06,1.34E-06
469.3,4.94E-06,0,1.25E-06,1.03E-06
469.375,1.84E-06,0,1.33E-06,1.15E-06
469.45,0,0,1.60E-06,2.52E-06
469.525,0,2.46E-07,2.82E-06,2.96E-06
469.6,0,2.80E-06,2.48E-06,1.78E-06
469.675,0,4.90E-06,1.57E-06,2.10E-06
469.75,0,7.75E-07,9.55E-07,1.06E-06
469.825,1.32E-06,0,6.21E-07,1.24E-06
469.9,3.43E-06,0,8.49E-07,1.86E-06
469.975,2.12E-06,0,1.02E-06,2.21E-06
470.05,3.41E-06,0,5.19E-07,1.66E-06
470.125,1.57E-06,0,5.19E-07,2.03E-06
470.2,5.97E-07,0,1.03E-06,1.55E-06
470.275,0,0,1.05E-06,1.81E-06
470.35,1.50E-06,0,1.16E-07,1.75E-06
470.425,2.94E-06,9.66E-07,2.68E-07,1.52E-06
470.5,1.06E-05,4.20E-06,1.33E-06,2.06E-06
470.575,4.68E-06,2.89E-06,9.59E-07,1.56E-06
470.65,1.64E-06,5.82E-08,6.25E-08,5.41E-07
470.725,2.46E-06,0,0,3.70E-08
470.8,5.57E-06,0,3.46E-07,3.69E-07
470.875,4.33E-06,0,6.68E-07,1.64E-06
470.95,1.38E-06,4.26E-07,2.74E-07,1.73E-06
471.025,3.68E-07,5.12E-06,0,1.44E-06
471.1,4.04E-06,3.21E-06,0,1.35E-06
471.175,2.65E-06,3.93E-06,0,2.64E-06
471.25,3.61E-07,4.16E-06,0,3.25E-06
471.325,0,3.83E-07,4.05E-07,2.13E-06
471.4,0,0,8.90E-07,8.40E-07
471.475,0,0,1.94E-06,1.27E-06
471.55,9.56E-07,0,7.25E-07,4.81E-07
471.625,3.85E-06,0,1.21E-06,3.83E-07
471.7,6.02E-06,4.40E-07,1.11E-06,5.37E-07
471.775,2.95E-06,3.21E-06,8.94E-07,1.06E-06
471.85,4.50E-07,4.58E-06,3.18E-07,1.58E-06
471.925,0,4.29E-07,8.55E-07,2.46E-06
472,0,0,8.20E-08,2.21E-06
472.075,0,4.16E-07,7.91E-08,2.14E-06
472.15,0,5.02E-06,8.13E-07,1.39E-06
472.225,0,2.77E-06,5.20E-07,8.90E-07
472.3,0,3.59E-07,7.06E-07,1.09E-06
472.375,1.47E-07,5.79E-09,1.41E-06,2.18E-06
472.45,2.06E-06,1.99E-06,8.73E-07,1.92E-06
472.525,4.36E-06,4.75E-06,3.21E-08,2.02E-06
472.6,7.99E-07,1.27E-06,0,1.72E-06
472.675,0,6.52E-07,0,1.51E-06
472.75,0,4.55E-06,0,1.04E-06
472.825,0,3.27E-06,3.14E-07,1.86E-06
472.9,0,3.24E-07,1.49E-06,2.19E-06
472.975,0,1.32E-07,2.08E-06,1.96E-06
473.05,0,1.80E-06,6.91E-07,7.62E-07
473.125,1.51E-06,6.29E-06,1.25E-06,1.05E-06
473.2,4.61E-06,1.51E-06,9.36E-07,1.13E-06
473.275,5.28E-06,9.36E-08,3.76E-07,2.04E-06
473.35,2.93E-06,0,0,2.07E-06
473.425,2.85E-06,0,9.54E-09,1.15E-06
473.5,3.42E-06,0,4.25E-07,8.34E-07
473.575,1.86E-06,0,1.04E-06,2.25E-06
473.65,3.93E-06,0,1.04E-06,1.57E-06
473.725,1.08E-06,0,1.09E-06,7.64E-07
473.8,0,5.75E-07,1.06E-06,7.15E-07
473.875,0,4.87E-06,1.17E-06,1.92E-06
473.95,3.32E-07,6.77E-06,1.17E-06,1.62E-06
474.025,3.13E-06,4.31E-06,1.70E-06,1.04E-06
474.1,6.23E-06,0,1.87E-06,1.01E-06
474.175,4.99E-06,0,1.09E-06,1.26E-06
474.25,6.18E-07,0,4.05E-07,2.36E-06
474.325,1.01E-06,1.10E-06,6.84E-07,2.80E-06
474.4,3.52E-06,3.92E-06,1.17E-06,2.77E-06
474.475,2.34E-06,2.98E-06,4.72E-07,2.41E-06
474.55,2.44E-07,0,6.86E-08,2.07E-06
474.625,2.53E-06,0,4.21E-07,2.98E-06
474.7,4.19E-06,0,6.67E-07,2.59E-06
474.775,6.06E-07,0,4.99E-07,1.58E-06
474.85,0,1.08E-06,2.50E-07,6.86E-07
474.925,0,1.03E-05,2.95E-06,7.34E-07
475,0,5.49E-06,2.45E-06,1.23E-06
475.075,1.61E-07,6.28E-07,2.64E-06,1.63E-06
475.15,2.71E-06,0,1.52E-06,1.72E-06
475.225,3.66E-06,0,1.62E-06,1.88E-06
475.3,2.42E-06,0,4.06E-07,9.30E-07
475.375,3.61E-06,1.45E-06,7.50E-07,7.69E-07
475.45,1.54E-06,4.01E-06,4.28E-07,1.59E-06
475.525,6.62E-07,2.53E-06,6.64E-07,2.67E-06
475.6,3.27E-06,0,4.87E-07,3.00E-06
475.675,3.02E-06,0,1.11E-08,3.69E-06
475.75,1.39E-06,0,3.94E-07,3.24E-06
475.825,0,0,9.96E-07,1.70E-06
475.9,0,0,1.03E-06,1.23E-06
475.975,0,0,2.01E-07,2.12E-06
476.05,0,0,3.05E-07,1.33E-06
476.125,0,0,2.66E-06,2.28E-06
476.2,0,3.07E-07,2.24E-06,2.40E-06
476.275,0,5.73E-06,7.29E-07,1.90E-06
476.35,0,9.06E-06,1.32E-06,2.15E-06
476.425,0,1.83E-06,2.11E-06,2.17E-06
476.5,0,0,1.53E-06,2.28E-06
476.575,0,0,9.30E-07,2.96E-06
476.65,9.65E-08,4.43E-06,5.84E-07,3.41E-06
476.725,3.44E-06,1.78E-06,1.87E-06,2.27E-06
476.8,2.94E-06,3.62E-06,1.43E-06,1.55E-06
476.875,5.51E-07,4.71E-06,1.04E-06,2.35E-06
476.95,0,4.54E-07,1.50E-06,1.71E-06
477.025,0,0,1.05E-06,1.11E-06
477.1,0,4.58E-07,3.05E-07,1.06E-06
477.175,0,4.90E-06,1.40E-07,2.37E-06
477.25,5.25E-07,2.91E-06,5.70E-07,2.06E-06
477.325,2.94E-06,3.77E-07,5.78E-07,1.37E-06
477.4,3.50E-06,2.49E-06,0,1.02E-06
477.475,1.54E-07,6.41E-07,3.32E-07,9.13E-07
477.55,0,9.97E-07,7.10E-07,1.24E-06
477.625,0,1.33E-06,2.87E-07,1.51E-06
477.7,0,4.65E-06,6.67E-08,2.66E-06
477.775,4.74E-07,3.73E-06,7.24E-07,2.74E-06
477.85,3.38E-06,6.75E-06,5.93E-07,1.39E-06
477.925,3.58E-06,4.14E-06,5.58E-07,1.65E-06
478,2.65E-06,4.56E-07,7.79E-07,1.37E-06
478.075,6.13E-06,2.34E-08,3.10E-07,1.48E-06
478.15,5.32E-06,7.66E-07,9.60E-07,2.18E-06
478.225,1.11E-06,5.57E-06,1.14E-06,3.07E-06
478.3,4.09E-08,2.95E-06,5.15E-07,1.87E-06
478.375,4.98E-07,4.18E-06,6.13E-07,7.35E-07
478.45,2.86E-06,3.78E-06,5.87E-07,1.49E-06
478.525,3.60E-06,3.40E-07,0,3.11E-06
478.6,1.58E-07,0,0,3.20E-06
478.675,0,0,5.22E-07,3.09E-06
478.75,0,2.43E-06,1.40E-06,2.37E-06
478.825,9.14E-07,8.92E-06,1.66E-06,1.60E-06
478.9,3.18E-06,9.38E-06,1.12E-06,1.62E-06
478.975,3.17E-06,3.25E-06,1.74E-06,1.58E-06
479.05,2.59E-06,1.31E-07,1.02E-06,1.38E-06
479.125,3.98E-06,0,9.05E-07,1.44E-06
479.2,2.24E-07,0,1.45E-06,1.38E-06
479.275,9.27E-07,9.88E-07,8.94E-07,1.82E-06
479.35,4.31E-06,4.91E-06,2.52E-06,1.03E-06
479.425,1.85E-06,2.40E-06,1.92E-06,1.52E-06
479.5,9.39E-08,1.43E-07,1.22E-06,1.27E-06
479.575,0,0,1.11E-06,1.32E-06
479.65,2.74E-08,2.63E-06,1.93E-06,1.48E-06
479.725,1.62E-06,3.93E-06,3.27E-06,6.56E-07
479.8,4.23E-06,1.43E-06,2.67E-06,4.35E-07
479.875,1.09E-06,0,1.91E-06,1.22E-06
479.95,1.35E-06,1.63E-06,1.14E-06,1.43E-06
480.025,1.08E-05,7.53E-06,1.45E-06,9.46E-07
480.1,8.75E-06,6.95E-06,1.19E-06,1.11E-06
480.175,3.46E-06,1.36E-07,1.20E-06,1.81E-06
480.25,6.25E-06,1.33E-06,8.77E-07,2.20E-06
480.325,4.04E-06,0,7.65E-07,2.31E-06
480.4,2.34E-06,0,1.64E-06,2.66E-06
480.475,3.33E-06,0,5.53E-07,1.52E-06
480.55,2.44E-06,0,1.28E-07,6.85E-07
480.625,3.30E-06,0,6.12E-07,1.55E-06
480.7,3.23E-06,0,1.13E-06,2.12E-06
480.775,2.55E-06,0,7.87E-07,1.75E-06
480.85,3.38E-06,1.64E-06,3.64E-07,1.98E-06
480.925,2.28E-06,4.80E-06,1.25E-06,3.11E-06
481,4.16E-06,1.55E-06,9.13E-07,3.32E-06
481.075,2.34E-06,0,3.98E-07,2.97E-06
481.15,3.69E-06,1.72E-07,1.26E-08,2.11E-06
481.225,6.07E-06,3.36E-06,5.34E-07,7.37E-07
481.3,3.71E-06,5.25E-06,1.07E-06,3.23E-07
481.375,4.62E-07,7.85E-07,7.83E-07,9.11E-07
481.45,1.44E-06,0,3.88E-07,2.04E-06
481.525,0,6.43E-07,8.50E-07,1.48E-06
481.6,0,5.25E-06,4.28E-07,9.65E-07
481.675,0,3.27E-06,6.75E-07,1.99E-06
481.75,0,3.88E-06,6.15E-07,2.44E-06
481.825,0,4.10E-06,1.91E-06,1.69E-06
481.9,2.69E-07,3.45E-07,2.74E-06,1.17E-06
481.975,9.16E-07,0,5.42E-07,9.56E-07
482.05,5.23E-06,0,4.29E-07,1.15E-06
482.125,9.51E-07,0,1.57E-06,1.67E-06
482.2,4.68E-06,0,1.38E-06,1.51E-06
482.275,6.08E-06,0,4.85E-07,1.15E-06
482.35,3.52E-06,0,5.43E-07,1.02E-06
482.425,5.13E-06,0,1.04E-06,1.73E-06
482.5,7.25E-06,4.21E-08,1.57E-06,3.13E-06
482.575,1.89E-06,2.78E-06,1.81E-06,2.63E-06
482.65,0,9.89E-06,4.93E-07,1.42E-06
482.725,0,4.41E-06,4.87E-07,1.92E-06
482.8,0,1.81E-07,1.31E-06,1.95E-06
482.875,0,0,1.65E-06,2.24E-06
482.95,0,0,7.01E-07,1.48E-06
483.025,0,0,8.89E-07,1.43E-06
483.1,0,0,1.83E-06,1.74E-06
483.175,1.27E-06,1.32E-06,1.43E-06,2.95E-06
483.25,3.57E-06,4.23E-06,3.01E-07,2.51E-06
483.325,2.03E-06,2.45E-06,1.91E-07,1.82E-06
483.4,0,0,0,1.28E-06
483.475,0,0,0,1.39E-06
483.55,1.36E-06,0,0,2.13E-06
483.625,3.48E-06,0,0,1.89E-06
483.7,7.91E-06,0,2.63E-07,1.35E-06
483.775,2.51E-06,0,6.44E-07,1.85E-06
483.85,0,0,3.81E-07,2.84E-06
483.925,0,0,0,2.74E-06
484,0,3.41E-06,0,1.48E-06
484.075,0,3.70E-06,0,1.39E-06
484.15,0,8.86E-07,0,1.84E-06
484.225,0,0,4.14E-08,2.29E-06
484.3,0,0,5.61E-07,1.62E-06
484.375,0,0,2.28E-06,2.19E-06
484.45,0,0,2.00E-06,2.06E-06
484.525,0,0,1.09E-06,1.90E-06
484.6,2.80E-06,0,6.29E-07,1.32E-06
484.675,1.72E-06,0,1.13E-06,2.82E-06
484.75,8.97E-07,2.02E-06,2.18E-06,4.49E-06
484.825,0,4.03E-06,2.59E-06,3.95E-06
484.9,0,1.95E-06,4.31E-06,1.70E-06
484.975,0,0,3.31E-06,1.30E-06
485.05,0,5.26E-07,1.11E-06,1.88E-06
485.125,1.90E-07,3.22E-06,5.76E-07,1.90E-06
485.2,2.45E-06,5.07E-06,1.13E-06,1.95E-06
485.275,5.86E-06,2.36E-07,1.01E-06,2.07E-06
485.35,4.53E-06,1.63E-06,9.61E-07,2.65E-06
485.425,2.23E-06,4.25E-06,3.80E-07,3.01E-06
485.5,4.36E-06,2.11E-06,7.51E-07,2.92E-06
485.575,5.97E-06,0,1.36E-06,2.64E-06
485.65,3.21E-06,0,2.07E-06,2.35E-06
485.725,2.90E-06,0,2.11E-06,2.33E-06
485.8,6.15E-06,5.59E-08,9.35E-07,2.68E-06
485.875,3.74E-06,1.47E-06,1.53E-06,1.56E-06
485.95,1.22E-06,6.98E-06,7.37E-07,7.84E-07
486.025,0,6.29E-06,2.04E-06,9.12E-07
486.1,0,7.14E-06,7.59E-07,3.08E-06
486.175,5.03E-07,3.10E-06,3.00E-08,3.05E-06
486.25,2.73E-06,2.64E-07,5.25E-07,1.78E-06
486.325,3.63E-06,0,1.45E-06,2.06E-06
486.4,0,0,2.35E-06,2.98E-06
486.475,1.32E-06,0,2.66E-06,3.54E-06
486.55,3.88E-06,0,7.44E-07,2.26E-06
486.625,1.66E-06,0,0,1.12E-06
486.7,5.16E-07,0,1.37E-07,9.53E-07
486.775,3.05E-06,3.53E-06,1.33E-06,1.69E-06
486.85,6.15E-06,6.42E-06,1.29E-06,1.75E-06
486.925,7.92E-06,7.16E-06,5.13E-07,2.13E-06
487,9.03E-06,5.31E-06,8.73E-07,1.63E-06
487.075,4.59E-06,1.56E-06,1.61E-06,2.53E-06
487.15,6.87E-06,0,2.06E-06,2.73E-06
487.225,4.91E-06,0,2.19E-06,3.19E-06
487.3,5.70E-06,7.58E-06,1.07E-06,2.53E-06
487.375,3.29E-06,6.89E-06,5.68E-08,1.83E-06
487.45,2.25E-07,2.12E-06,1.95E-08,2.13E-06
487.525,0,0,9.54E-07,2.35E-06
487.6,0,0,2.62E-06,2.80E-06
487.675,0,0,2.42E-06,3.48E-06
487.75,0,4.04E-07,8.18E-07,2.34E-06
487.825,5.67E-07,4.23E-06,6.37E-07,2.25E-06
487.9,2.81E-06,3.55E-06,5.70E-07,2.37E-06
487.975,3.49E-06,5.04E-07,2.18E-08,1.77E-06
488.05,0,2.10E-06,0,9.02E-07
488.125,0,4.39E-06,2.00E-07,7.33E-07
488.2,0,3.12E-06,1.17E-06,7.41E-07
488.275,0,9.75E-06,2.97E-06,1.85E-06
488.35,3.89E-06,5.08E-06,2.76E-06,2.71E-06
488.425,2.56E-06,3.47E-07,2.99E-06,2.75E-06
488.5,4.20E-07,2.78E-06,2.92E-06,1.86E-06
488.575,0,7.31E-07,1.87E-06,7.77E-07
488.65,0,2.48E-06,1.08E-06,1.18E-06
488.725,0,5.93E-06,2.11E-07,3.01E-06
488.8,0,1.58E-06,1.88E-07,3.89E-06
488.875,0,1.00E-07,7.03E-07,2.49E-06
488.95,0,0,3.12E-06,1.07E-06
489.025,0,0,2.88E-06,1.50E-06
489.1,0,0,2.27E-06,9.51E-07
489.175,0,0,3.06E-06,1.07E-06
489.25,1.46E-06,3.13E-06,1.91E-06,2.16E-06
489.325,4.45E-06,8.71E-06,1.55E-06,3.16E-06
489.4,5.99E-06,4.34E-06,2.73E-06,2.53E-06
489.475,2.19E-06,4.33E-06,2.78E-06,2.68E-06
489.55,1.64E-07,3.22E-06,2.07E-06,3.94E-06
489.625,0,5.44E-07,1.59E-06,4.85E-06
489.7,0,0,7.26E-07,3.79E-06
489.775,0,0,1.61E-06,2.80E-06
489.85,0,0,3.25E-07,1.22E-06
489.925,0,0,5.05E-07,2.13E-06
490,7.08E-07,5.88E-07,1.98E-06,2.80E-06
490.075,3.08E-06,3.87E-06,2.27E-06,2.19E-06
490.15,3.17E-06,3.85E-06,2.17E-06,1.39E-06
490.225,4.48E-06,3.55E-07,3.38E-06,1.27E-06
490.3,9.21E-06,1.69E-06,2.62E-06,1.44E-06
490.375,5.21E-06,4.45E-06,4.26E-07,3.23E-06
490.45,1.24E-06,1.36E-06,2.00E-07,3.94E-06
490.525,3.95E-07,0,7.39E-07,4.13E-06
490.6,3.84E-06,5.63E-07,1.03E-06,4.53E-06
490.675,2.89E-06,3.36E-06,1.70E-06,3.21E-06
490.75,3.84E-07,9.60E-06,1.29E-06,1.61E-06
490.825,2.09E-06,4.98E-06,2.03E-06,2.87E-06
490.9,5.12E-06,2.09E-06,4.37E-06,3.76E-06
490.975,5.71E-06,0,1.78E-06,2.94E-06
491.05,5.92E-06,0,1.23E-06,2.16E-06
491.125,1.98E-06,0,1.17E-06,1.85E-06
491.2,1.53E-07,0,1.76E-06,1.64E-06
491.275,2.40E-07,0,1.72E-06,2.20E-06
491.35,4.90E-06,0,1.63E-06,2.59E-06
491.425,5.90E-06,0,1.59E-06,3.25E-06
491.5,4.74E-06,1.61E-06,3.43E-07,4.46E-06
491.575,1.28E-06,3.98E-06,6.00E-07,3.81E-06
491.65,0,3.27E-06,2.72E-06,3.40E-06
491.725,2.53E-07,1.55E-06,2.41E-06,2.80E-06
491.8,3.09E-06,3.57E-06,1.17E-06,2.75E-06
491.875,3.47E-06,0,2.17E-06,3.71E-06
491.95,5.68E-07,0,8.83E-07,4.04E-06
492.025,0,1.77E-06,3.38E-07,4.51E-06
492.1,0,4.06E-06,2.03E-07,2.72E-06
492.175,0,2.17E-06,9.18E-07,3.08E-06
492.25,6.56E-07,0,2.63E-06,3.29E-06
492.325,6.21E-06,0,2.81E-06,2.51E-06
492.4,6.30E-06,0,2.82E-06,2.10E-06
492.475,6.20E-07,0,2.55E-06,1.81E-06
492.55,3.26E-06,0,1.47E-06,2.26E-06
492.625,6.89E-06,0,2.69E-06,1.95E-06
492.7,5.06E-06,3.05E-07,3.90E-06,1.55E-06
492.775,5.14E-06,5.06E-06,2.81E-06,2.67E-06
492.85,8.58E-06,6.99E-06,2.40E-06,3.04E-06
492.925,3.03E-06,4.01E-06,2.39E-06,3.85E-06
493,2.88E-06,5.78E-07,1.52E-06,3.70E-06
493.075,4.06E-06,0,2.03E-07,3.45E-06
493.15,2.28E-06,0,5.38E-07,2.27E-06
493.225,4.65E-06,1.19E-06,1.52E-06,4.16E-06
493.3,5.25E-06,4.14E-06,2.43E-06,4.47E-06
493.375,2.31E-06,2.66E-06,1.60E-06,4.95E-06
493.45,1.06E-06,3.51E-06,1.21E-06,3.45E-06
493.525,0,3.67E-06,2.12E-06,1.77E-06
493.6,2.11E-06,8.10E-07,3.29E-06,1.55E-06
493.675,5.01E-06,0,4.44E-06,2.10E-06
493.75,7.17E-06,0,3.01E-06,2.60E-06
493.825,5.31E-06,4.19E-07,2.70E-06,3.05E-06
493.9,3.31E-06,9.24E-06,2.24E-06,3.90E-06
493.975,6.14E-06,5.99E-06,1.67E-06,4.50E-06
494.05,9.31E-06,4.15E-06,1.72E-06,3.45E-06
494.125,5.53E-06,6.39E-06,2.14E-06,3.42E-06
494.2,5.58E-06,7.07E-06,2.55E-06,2.57E-06
494.275,5.91E-07,6.86E-06,2.38E-06,1.81E-06
494.35,1.05E-06,7.61E-06,3.20E-06,2.63E-06
494.425,4.30E-06,6.67E-06,2.44E-06,1.58E-06
494.5,5.50E-06,1.16E-05,1.59E-06,1.61E-06
494.575,3.49E-06,1.04E-05,1.69E-06,3.06E-06
494.65,5.04E-06,5.09E-06,1.30E-06,3.84E-06
494.725,8.36E-06,5.26E-06,1.18E-06,3.79E-06
494.8,8.99E-07,1.16E-05,1.52E-06,3.13E-06
494.875,0,8.08E-06,2.05E-06,3.07E-06
494.95,0,7.21E-06,4.09E-06,2.50E-06
495.025,0,6.60E-06,2.10E-06,3.65E-06
495.1,0,3.16E-06,1.88E-06,6.11E-06
495.175,0,3.46E-06,2.74E-06,6.67E-06
495.25,1.88E-06,6.18E-06,2.52E-06,4.29E-06
495.325,3.69E-06,6.32E-06,3.69E-06,4.87E-06
495.4,8.48E-06,2.02E-06,2.73E-06,4.23E-06
495.475,2.82E-06,4.82E-06,2.44E-06,3.38E-06
495.55,0,2.13E-06,3.28E-06,2.24E-06
495.625,0,5.79E-08,4.31E-06,2.67E-06
495.7,3.03E-07,6.73E-06,4.12E-06,3.97E-06
495.775,2.41E-06,7.38E-06,4.20E-06,4.90E-06
495.85,8.33E-06,1.88E-06,3.64E-06,4.67E-06
495.925,7.25E-06,1.26E-06,2.32E-06,5.34E-06
496,4.05E-06,5.05E-06,5.09E-06,5.66E-06
496.075,3.46E-06,1.81E-06,5.36E-06,5.69E-06
496.15,2.24E-06,4.86E-08,3.50E-06,4.79E-06
496.225,0,0,3.54E-06,4.71E-06
496.3,0,3.03E-06,3.22E-06,5.12E-06
496.375,2.10E-06,3.91E-06,2.06E-06,5.39E-06
496.45,3.59E-06,6.14E-06,2.44E-06,3.07E-06
496.525,1.19E-06,1.51E-05,1.71E-06,2.67E-06
496.6,1.84E-07,6.11E-06,3.64E-06,4.12E-06
496.675,4.13E-06,1.07E-05,4.52E-06,4.18E-06
496.75,2.45E-06,1.36E-05,3.19E-06,2.84E-06
496.825,3.59E-07,8.53E-06,3.10E-06,1.89E-06
496.9,0,8.52E-06,2.32E-06,3.06E-06
496.975,0,1.45E-05,5.27E-06,4.27E-06
497.05,7.27E-06,2.35E-06,7.24E-06,3.69E-06
497.125,1.63E-05,1.86E-06,7.63E-06,4.08E-06
497.2,9.53E-06,8.99E-06,3.47E-06,4.87E-06
497.275,4.17E-06,6.18E-06,4.71E-06,5.64E-06
497.35,6.09E-06,7.43E-06,7.05E-06,4.18E-06
497.425,4.07E-06,1.09E-05,7.20E-06,3.78E-06
497.5,4.53E-06,7.36E-06,6.32E-06,5.54E-06
497.575,8.40E-06,5.37E-06,6.65E-06,5.94E-06
497.65,1.95E-06,1.52E-06,6.12E-06,3.41E-06
497.725,8.99E-07,8.53E-07,7.00E-06,4.63E-06
497.8,4.17E-06,4.22E-06,6.84E-06,4.30E-06
497.875,1.31E-05,3.10E-06,7.27E-06,4.93E-06
497.95,1.51E-05,3.59E-06,6.44E-06,3.66E-06
498.025,1.06E-05,6.33E-06,4.95E-06,3.57E-06
498.1,7.12E-06,8.03E-06,3.74E-06,6.11E-06
498.175,5.75E-06,6.04E-06,6.27E-06,4.67E-06
498.25,6.11E-06,7.81E-06,7.69E-06,5.28E-06
498.325,5.15E-06,7.98E-06,5.78E-06,5.96E-06
498.4,2.44E-06,7.01E-06,6.11E-06,5.45E-06
498.475,3.30E-06,3.82E-06,8.62E-06,6.24E-06
498.55,1.08E-05,3.04E-06,7.71E-06,6.08E-06
498.625,1.56E-05,5.91E-06,6.75E-06,8.37E-06
498.7,1.37E-05,7.67E-06,7.31E-06,8.86E-06
498.775,5.74E-06,6.31E-06,6.71E-06,9.17E-06
498.85,6.37E-06,2.12E-06,6.46E-06,6.90E-06
498.925,2.66E-06,5.26E-06,1.09E-05,8.44E-06
499,6.86E-06,7.07E-06,1.04E-05,8.51E-06
499.075,6.09E-06,1.36E-05,8.91E-06,8.13E-06
499.15,1.18E-06,1.84E-05,1.16E-05,6.35E-06
499.225,2.98E-06,1.37E-05,1.18E-05,7.56E-06
499.3,1.17E-05,8.01E-06,7.68E-06,9.27E-06
499.375,1.34E-05,1.06E-05,8.46E-06,9.89E-06
499.45,1.53E-05,2.11E-05,1.12E-05,1.18E-05
499.525,1.14E-05,2.37E-05,1.27E-05,1.19E-05
499.6,6.38E-06,1.84E-05,1.35E-05,1.02E-05
499.675,8.95E-06,1.37E-05,1.59E-05,1.23E-05
499.75,1.84E-05,1.15E-05,1.21E-05,1.27E-05
499.825,3.23E-05,4.03E-06,8.71E-06,1.07E-05
499.9,2.63E-05,1.21E-05,1.38E-05,1.28E-05
499.975,2.31E-05,9.69E-06,2.00E-05,1.27E-05
500.05,9.92E-06,7.89E-06,1.26E-05,1.16E-05
500.125,6.92E-06,1.21E-05,1.41E-05,1.27E-05
500.2,6.96E-06,1.99E-05,1.28E-05,1.45E-05
500.275,4.80E-06,2.17E-05,1.06E-05,1.53E-05
500.35,8.86E-06,1.90E-05,1.35E-05,1.41E-05
500.425,9.75E-06,1.72E-05,2.25E-05,1.63E-05
500.5,1.50E-05,1.90E-05,2.74E-05,1.74E-05
500.575,1.56E-05,2.11E-05,2.68E-05,1.79E-05
500.65,1.80E-05,1.71E-05,2.94E-05,1.72E-05
500.725,1.24E-05,1.13E-05,3.16E-05,1.84E-05
500.8,1.19E-05,7.80E-06,2.70E-05,2.04E-05
500.875,1.88E-05,1.47E-05,2.78E-05,2.26E-05
500.95,2.76E-05,2.60E-05,2.90E-05,2.31E-05
501.025,3.08E-05,2.35E-05,3.28E-05,2.34E-05
501.1,2.85E-05,3.11E-05,3.14E-05,2.17E-05
501.175,3.52E-05,3.86E-05,3.62E-05,2.26E-05
501.25,4.22E-05,2.51E-05,3.75E-05,2.43E-05
501.325,4.14E-05,8.39E-06,4.03E-05,2.56E-05
501.4,4.55E-05,1.83E-05,4.49E-05,2.43E-05
501.475,4.20E-05,2.74E-05,4.59E-05,2.93E-05
501.55,2.40E-05,1.46E-05,4.82E-05,2.79E-05
501.625,3.07E-05,1.21E-05,5.10E-05,2.86E-05
501.7,3.77E-05,2.17E-05,4.76E-05,3.03E-05
501.775,3.66E-05,2.24E-05,4.78E-05,3.46E-05
501.85,3.78E-05,3.00E-05,5.44E-05,3.61E-05
501.925,3.66E-05,4.05E-05,6.51E-05,4.12E-05
502,4.58E-05,4.08E-05,6.94E-05,4.47E-05
502.075,4.90E-05,2.69E-05,6.68E-05,4.71E-05
502.15,6.85E-05,3.68E-05,6.94E-05,4.75E-05
502.225,8.70E-05,8.98E-05,6.28E-05,5.25E-05
502.3,8.68E-05,9.62E-05,6.78E-05,5.63E-05
502.375,7.20E-05,6.47E-05,7.96E-05,5.82E-05
502.45,5.94E-05,6.06E-05,8.93E-05,5.44E-05
502.525,4.63E-05,5.95E-05,0.000104037,5.71E-05
502.6,6.51E-05,5.23E-05,0.000108619,6.20E-05
502.675,8.65E-05,5.00E-05,9.82E-05,6.67E-05
502.75,8.19E-05,7.99E-05,9.18E-05,7.18E-05
502.825,8.66E-05,9.27E-05,0.000109552,7.12E-05
502.9,9.65E-05,0.000117474,0.000123706,7.32E-05
502.975,8.59E-05,0.000116196,0.000131586,7.72E-05
503.05,0.00010199,0.000113592,0.000136713,7.93E-05
503.125,0.000123626,0.000101043,0.000150359,9.31E-05
503.2,0.00013945,9.21E-05,0.000155359,9.68E-05
503.275,0.000137877,0.000100788,0.000171339,0.000102342
503.35,0.000127979,0.00010752,0.000168826,0.00010598
503.425,0.000103129,0.000103559,0.000190049,0.000114066
503.5,0.000115308,0.000113182,0.000194083,0.000125947
503.575,0.000134194,0.000118916,0.000202383,0.000142021
503.65,0.00014575,0.000132672,0.000213079,0.000138707
503.725,0.000135781,0.000135416,0.000228258,0.00014141
503.8,0.000137841,0.000134349,0.00023343,0.000142151
503.875,0.000155716,0.000122235,0.000252958,0.000150054
503.95,0.000192996,0.00010732,0.00027334,0.000156834
504.025,0.000234868,0.000144519,0.000298602,0.000162393
504.1,0.000232239,0.000191573,0.000312751,0.000176549
504.175,0.000204857,0.000192008,0.000336819,0.000212108
504.25,0.000222202,0.000200957,0.000333654,0.000220801
504.325,0.000235712,0.000230411,0.000361718,0.000230492
504.4,0.000229898,0.000286556,0.000399656,0.000231639
504.475,0.000226701,0.000306939,0.000405705,0.000260886
504.55,0.000253837,0.000266698,0.000428304,0.000262872
504.625,0.00028786,0.000244369,0.000481842,0.000283649
504.7,0.000328045,0.000276355,0.000491543,0.000301586
504.775,0.000310332,0.000271945,0.000505803,0.000327056
504.85,0.000345807,0.000274851,0.000546091,0.000348686
504.925,0.000386985,0.000301054,0.000581758,0.00036701
505,0.00046296,0.000375274,0.000597766,0.000378073
505.075,0.000444538,0.000403033,0.000669197,0.000401848
505.15,0.000448064,0.000398208,0.000692017,0.000421813
505.225,0.000439657,0.000369649,0.000709871,0.000456528
505.3,0.000442454,0.000424813,0.000722266,0.000453888
505.375,0.000491395,0.000486416,0.000796238,0.000484936
505.45,0.00068101,0.000564206,0.000860239,0.000490816
505.525,0.000660276,0.000570261,0.000934202,0.000543765
505.6,0.000619779,0.000629258,0.000962693,0.000584362
505.675,0.000629996,0.000590862,0.001033105,0.000646881
505.75,0.000677515,0.000612187,0.001102856,0.00067802
505.825,0.000682574,0.000668912,0.001193219,0.000734335
505.9,0.000834177,0.000731451,0.00122338,0.000754786
505.975,0.000910752,0.000749013,0.001279354,0.000802568
506.05,0.00091698,0.000729782,0.001342759,0.000823328
506.125,0.000974204,0.000822722,0.001457857,0.000913877
506.2,0.00113034,0.000953346,0.001579728,0.000985388
506.275,0.001227051,0.000994198,0.00171897,0.001099631
506.35,0.001320109,0.001083827,0.001760486,0.001153291
506.425,0.001352234,0.001159606,0.001980657,0.001279488
506.5,0.001627489,0.001380098,0.002152757,0.001348663
506.575,0.001641713,0.001477839,0.00233719,0.001515643
506.65,0.001822336,0.001601395,0.002469931,0.001579605
506.725,0.00195573,0.00170102,0.002793431,0.001790346
506.8,0.002340628,0.001869405,0.002987981,0.001940763
506.875,0.002605461,0.001966279,0.003332004,0.002160481
506.95,0.002980594,0.002400238,0.003622804,0.002326104
507.025,0.003195033,0.00258669,0.004195613,0.002712623
507.1,0.003571848,0.002822704,0.004597556,0.002912646
507.175,0.00396427,0.003087448,0.005202734,0.003380417
507.25,0.004579021,0.003586891,0.005621252,0.003631895
507.325,0.004903168,0.00386667,0.006488935,0.004178741
507.4,0.005548594,0.004625831,0.007185029,0.004649118
507.475,0.006130211,0.005069783,0.008331415,0.00541361
507.55,0.007290455,0.005819121,0.009208911,0.005933843
507.625,0.008062963,0.00632074,0.010639997,0.006930101
507.7,0.009717814,0.007761853,0.011855765,0.007685536
507.775,0.010633158,0.008284915,0.013739,0.009075314
507.85,0.012518714,0.009491268,0.015244333,0.010131701
507.925,0.013935914,0.010572671,0.017604475,0.011795439
508,0.016253373,0.01259236,0.019637024,0.012991285
508.075,0.01799221,0.013985569,0.022844086,0.015103653
508.15,0.021549443,0.016432789,0.025333099,0.016813811
508.225,0.023744308,0.018021392,0.029223314,0.019623306
508.3,0.027248465,0.020960556,0.032254719,0.021858585
508.375,0.029958205,0.022767655,0.037085367,0.025320496
508.45,0.034774424,0.026585298,0.041041238,0.027949976
508.525,0.038574656,0.029675241,0.046756945,0.032331794
508.6,0.045261878,0.035066781,0.051273878,0.035745645
508.675,0.049415177,0.038526909,0.058255096,0.041184115
508.75,0.056527148,0.04349694,0.063557452,0.045424424
508.825,0.060529955,0.047729781,0.071509731,0.051674503
508.9,0.070041823,0.055131398,0.077581206,0.056754841
508.975,0.076581346,0.060581297,0.086963812,0.064751377
509.05,0.087009821,0.06888937,0.094358544,0.070543041
509.125,0.094101368,0.074360076,0.10481709,0.079543685
509.2,0.10599059,0.084866068,0.11222251,0.0863226
509.275,0.11338889,0.091465959,0.12388533,0.096894298
509.35,0.12838743,0.10352896,0.13292751,0.10512685
509.425,0.13726886,0.1119078,0.1451516,0.11711672
509.5,0.15203123,0.12494492,0.15365006,0.12577226
509.575,0.1615365,0.13269655,0.16683173,0.1397944
509.65,0.17959166,0.1485599,0.17537356,0.14975404
509.725,0.18895856,0.15738437,0.18902002,0.16492745
509.8,0.20692998,0.17377616,0.19811339,0.17547273
509.875,0.21748195,0.18299876,0.21202334,0.19192579
509.95,0.23449838,0.20148607,0.21986214,0.20277212
510.025,0.24351669,0.21132709,0.23280829,0.22109167
510.1,0.26401792,0.230365,0.24040902,0.23225219
510.175,0.27386169,0.23950558,0.25402333,0.24982695
510.25,0.29392163,0.25953203,0.25987037,0.2605873
510.325,0.3000975,0.26853321,0.27169185,0.27864734
510.4,0.31854708,0.28666849,0.27631602,0.28862892
510.475,0.3232668,0.2928857,0.28697628,0.30539788
510.55,0.34033468,0.31392875,0.28959536,0.314061
510.625,0.34212334,0.32010333,0.29902711,0.32984274
510.7,0.35634458,0.33660953,0.30008425,0.33551628
510.775,0.35482434,0.3382975,0.30774718,0.34828756
510.85,0.36629872,0.353866,0.30733564,0.35139112
510.925,0.35903399,0.35156697,0.31323813,0.36115127
511,0.36443829,0.36140636,0.31027768,0.35927091
511.075,0.35449326,0.35609793,0.31322049,0.36439979
511.15,0.35710489,0.36275332,0.30792314,0.35877465
511.225,0.34425689,0.35164738,0.30866719,0.36001247
511.3,0.34282789,0.35536455,0.30104346,0.35040069
511.375,0.32703244,0.34417924,0.30015002,0.3475299
511.45,0.32216076,0.34441778,0.29106266,0.33482567
511.525,0.30222885,0.32859353,0.28721944,0.3284621
511.6,0.29443392,0.3231418,0.27683527,0.31336034
511.675,0.27571113,0.30334884,0.27302221,0.30403667
511.75,0.26677322,0.2969763,0.26119673,0.28683169
511.825,0.24746393,0.27920992,0.2544648,0.2763818
511.9,0.23781965,0.27153406,0.24166883,0.25920564
511.975,0.21782325,0.2511263,0.23437734,0.24789785
512.05,0.20621768,0.24156165,0.22161944,0.23025309
512.125,0.18833022,0.22118316,0.21266084,0.21838413
512.2,0.178572,0.21192463,0.19944125,0.20131917
512.275,0.16264208,0.19346693,0.19011137,0.18927887
512.35,0.15330689,0.18314814,0.17643144,0.17308712
512.425,0.13703164,0.16577838,0.16713811,0.16182374
512.5,0.12754962,0.15592125,0.15411718,0.14723839
512.575,0.1144894,0.13995475,0.14525569,0.13686791
512.65,0.10560908,0.13132247,0.13339926,0.12376578
512.725,0.093585603,0.11805694,0.12464397,0.11427415
512.8,0.085661613,0.10966676,0.11284607,0.10290853
512.875,0.075480631,0.097559374,0.1046772,0.094719642
512.95,0.069070607,0.090231598,0.094769368,0.084688036
513.025,0.06042372,0.079862534,0.087448273,0.077348578
513.1,0.055225199,0.073796123,0.078287262,0.068572494
513.175,0.04794172,0.065307603,0.071744824,0.062392736
513.25,0.043168415,0.05951743,0.063994833,0.055326631
513.325,0.037923438,0.050783926,0.058104164,0.049921158
513.4,0.034370197,0.04623405,0.051213666,0.043698313
513.475,0.029401349,0.040659594,0.046278398,0.039313846
513.55,0.026307574,0.036531668,0.040711251,0.034358831
513.625,0.02275236,0.031247824,0.036703314,0.030803073
513.7,0.020353874,0.028455808,0.032131545,0.026896194
513.775,0.017353523,0.024975937,0.028694845,0.02391659
513.85,0.015428036,0.02285075,0.025193624,0.020716199
513.925,0.01311037,0.019551645,0.02243801,0.018558693
514,0.012100418,0.017209862,0.019396504,0.016041637
514.075,0.010244161,0.0145547,0.017376304,0.014298376
514.15,0.0089575,0.013057357,0.015070617,0.012351354
514.225,0.007805197,0.01142387,0.013236029,0.010949635
514.3,0.007209661,0.010357982,0.011505931,0.009453368
514.375,0.006042926,0.008788888,0.010314051,0.008386046
514.45,0.005595659,0.00780974,0.009029189,0.00724658
514.525,0.004762446,0.006510541,0.008005244,0.006463139
514.6,0.004167306,0.005954082,0.006898543,0.005609075
514.675,0.003605608,0.005121408,0.006209665,0.005026723
514.75,0.003285049,0.00450755,0.005460999,0.004348091
514.825,0.002852273,0.003981394,0.004980337,0.003887447
514.9,0.002674018,0.003631659,0.004355822,0.003383658
514.975,0.00238181,0.003197362,0.003892562,0.003069471
515.05,0.002329832,0.003001739,0.003540491,0.002720191
515.125,0.002002894,0.002589806,0.003292596,0.002477636
515.2,0.001797548,0.002280833,0.00297644,0.002202628
515.275,0.001621096,0.002055974,0.002757038,0.002048356
515.35,0.001521213,0.002010868,0.002430403,0.001849919
515.425,0.001328627,0.001784848,0.002229662,0.001735218
515.5,0.001207263,0.00163442,0.002095607,0.001518474
515.575,0.001067438,0.001445475,0.001989825,0.001392462
515.65,0.000945318,0.001283125,0.001814171,0.001253511
515.725,0.000886721,0.001178313,0.00171452,0.001181036
515.8,0.000922128,0.001175708,0.00153034,0.001093566
515.875,0.000836641,0.00102663,0.001421326,0.001052954
515.95,0.000728638,0.000969117,0.001312114,0.000954543
516.025,0.000681217,0.00096884,0.001285596,0.000882425
516.1,0.000651776,0.000880886,0.001208284,0.000815779
516.175,0.000630215,0.000787291,0.001138952,0.000758026
516.25,0.000580294,0.000791556,0.001055085,0.000709864
516.325,0.000514481,0.000723574,0.000998067,0.000699934
516.4,0.000550194,0.000633989,0.000942738,0.000655153
516.475,0.00051979,0.000579625,0.000897568,0.000616868
516.55,0.000447381,0.000598335,0.000807048,0.000544561
516.625,0.00045563,0.000584492,0.000762576,0.000508359
516.7,0.000462005,0.000551942,0.000712677,0.000492408
516.775,0.000458268,0.000505026,0.000692453,0.000493484
516.85,0.000428561,0.000459534,0.000650039,0.00046215
516.925,0.000350728,0.000396392,0.000663118,0.000439076
517,0.000354971,0.000382655,0.000638134,0.000406086
517.075,0.000346281,0.000355384,0.000563791,0.000386672
517.15,0.00033387,0.000319128,0.000529543,0.000344185
517.225,0.00028003,0.000289856,0.000519329,0.000346185
517.3,0.000273986,0.000290678,0.000466525,0.000310965
517.375,0.000286025,0.000310104,0.000430219,0.00029546
517.45,0.000250576,0.000334577,0.000422182,0.00027724
517.525,0.000184426,0.000315412,0.000426421,0.000265303
517.6,0.000183369,0.000245432,0.000385022,0.000262705
517.675,0.000175531,0.000195309,0.000374035,0.000249581
517.75,0.00013097,0.000185266,0.000357739,0.000228775
517.825,0.00014727,0.000207895,0.000340993,0.000217258
517.9,0.000182412,0.000225776,0.000288234,0.000201465
517.975,0.000168976,0.000206423,0.000275265,0.000184346
518.05,0.000161417,0.000173819,0.000270697,0.000165479
518.125,0.000186451,0.000142205,0.000265582,0.00016406
518.2,0.000152652,0.000152103,0.000239633,0.00015882
518.275,0.000132512,0.000159834,0.000229095,0.000156168
518.35,0.000108896,0.000152974,0.000201037,0.000158021
518.425,8.96E-05,0.000151204,0.000194168,0.000155377
518.5,0.000105819,0.000126324,0.000178269,0.000132587
518.575,0.000111248,0.000105471,0.00016791,0.000118627
518.65,0.000106017,0.00012189,0.000161341,0.00011772
518.725,9.37E-05,0.000110061,0.000162745,0.00011789
518.8,9.53E-05,8.92E-05,0.000158061,0.000107999
518.875,8.65E-05,0.000105247,0.000152451,0.000102384
518.95,7.78E-05,0.000117492,0.000144065,9.98E-05
519.025,7.57E-05,0.000100749,0.000135027,9.39E-05
519.1,8.52E-05,7.90E-05,0.000118102,8.31E-05
519.175,8.17E-05,5.87E-05,0.000105871,7.83E-05
519.25,6.41E-05,5.80E-05,0.000106079,6.95E-05
519.325,8.51E-05,5.58E-05,0.000100527,6.77E-05
519.4,6.12E-05,7.08E-05,9.65E-05,6.04E-05
519.475,3.41E-05,5.29E-05,9.83E-05,6.58E-05
519.55,3.50E-05,4.90E-05,8.65E-05,6.10E-05
519.625,4.56E-05,6.35E-05,7.23E-05,5.61E-05
519.7,5.38E-05,7.78E-05,6.38E-05,5.55E-05
519.775,3.48E-05,7.18E-05,6.73E-05,5.94E-05
519.85,3.67E-05,6.12E-05,7.08E-05,5.26E-05
519.925,3.96E-05,5.47E-05,6.92E-05,4.86E-05
520,3.19E-05,6.59E-05,7.04E-05,4.35E-05
520.075,3.13E-05,6.10E-05,6.10E-05,4.40E-05
520.15,2.09E-05,5.81E-05,4.93E-05,4.14E-05
520.225,2.07E-05,5.91E-05,4.65E-05,4.15E-05
520.3,2.68E-05,6.44E-05,4.63E-05,4.21E-05
520.375,2.51E-05,5.14E-05,4.07E-05,4.03E-05
520.45,4.13E-05,3.95E-05,4.26E-05,2.98E-05
520.525,3.52E-05,3.01E-05,4.56E-05,2.99E-05
520.6,2.88E-05,3.59E-05,4.21E-05,2.89E-05
520.675,2.08E-05,2.95E-05,3.53E-05,2.94E-05
520.75,2.30E-05,2.18E-05,3.45E-05,2.98E-05
520.825,3.73E-05,2.06E-05,3.46E-05,3.08E-05
520.9,4.32E-05,2.02E-05,3.13E-05,2.63E-05
520.975,3.07E-05,1.46E-05,3.34E-05,2.85E-05
521.05,2.60E-05,1.46E-05,2.56E-05,2.29E-05
521.125,2.49E-05,6.41E-06,2.90E-05,2.25E-05
521.2,2.31E-05,5.30E-06,2.35E-05,1.97E-05
521.275,1.86E-05,1.05E-05,1.91E-05,1.98E-05
521.35,1.90E-05,1.41E-05,1.92E-05,1.85E-05
521.425,1.59E-05,1.38E-05,2.10E-05,1.68E-05
521.5,1.16E-05,1.94E-05,2.16E-05,1.64E-05
521.575,9.57E-06,1.55E-05,1.69E-05,1.92E-05
521.65,1.24E-05,1.54E-05,1.74E-05,1.49E-05
521.725,2.03E-05,1.83E-05,1.88E-05,1.33E-05
521.8,2.09E-05,2.16E-05,1.46E-05,1.27E-05
521.875,1.80E-05,1.44E-05,1.25E-05,1.36E-05
521.95,1.20E-05,6.11E-06,1.43E-05,1.21E-05
522.025,7.70E-06,2.53E-06,1.76E-05,1.16E-05
522.1,1.97E-05,9.89E-06,1.69E-05,1.26E-05
522.175,1.26E-05,2.29E-05,1.66E-05,1.25E-05
522.25,2.13E-05,2.25E-05,1.99E-05,1.24E-05
522.325,1.69E-05,2.14E-05,1.35E-05,1.33E-05
522.4,7.16E-06,1.71E-05,1.14E-05,1.15E-05
522.475,8.01E-06,8.88E-06,1.28E-05,8.42E-06
522.55,1.35E-05,3.16E-06,1.13E-05,5.90E-06
522.625,6.82E-06,6.98E-06,1.19E-05,6.64E-06
522.7,7.99E-06,1.51E-05,8.28E-06,6.43E-06
522.775,8.53E-06,9.47E-06,7.51E-06,7.99E-06
522.85,1.05E-05,5.67E-06,5.13E-06,6.28E-06
522.925,3.70E-06,3.65E-06,6.89E-06,7.14E-06
523,1.39E-05,3.72E-06,7.87E-06,6.80E-06
523.075,2.02E-05,2.65E-06,7.27E-06,7.21E-06
523.15,8.03E-06,4.34E-06,7.13E-06,7.74E-06
523.225,1.55E-06,3.23E-06,8.49E-06,6.42E-06
523.3,6.15E-06,1.10E-05,8.62E-06,5.82E-06
523.375,8.59E-06,5.09E-06,9.05E-06,6.51E-06
523.45,5.41E-06,4.83E-06,5.92E-06,6.66E-06
523.525,6.63E-06,1.45E-05,3.56E-06,5.70E-06
523.6,1.17E-05,1.49E-05,4.11E-06,6.38E-06
523.675,9.77E-06,9.18E-06,5.11E-06,8.04E-06
523.75,3.46E-06,6.41E-06,4.06E-06,4.89E-06
523.825,6.49E-06,8.05E-06,7.15E-06,4.92E-06
523.9,7.69E-06,1.19E-05,9.06E-06,6.62E-06
523.975,7.31E-06,8.67E-06,1.04E-05,7.39E-06
524.05,1.22E-05,3.16E-06,8.31E-06,5.71E-06
524.125,1.07E-05,0,5.23E-06,3.66E-06
524.2,9.35E-07,2.42E-06,4.54E-06,2.84E-06
524.275,1.71E-06,2.44E-06,6.15E-06,4.08E-06
524.35,5.23E-06,6.52E-06,3.22E-06,4.57E-06
524.425,1.04E-05,1.34E-06,4.25E-06,4.22E-06
524.5,4.38E-06,8.79E-07,3.11E-06,5.15E-06
524.575,3.64E-06,3.60E-06,3.05E-06,6.25E-06
524.65,3.22E-06,3.87E-06,4.55E-06,5.39E-06
524.725,3.38E-07,5.44E-06,4.69E-06,5.57E-06
524.8,1.59E-06,1.14E-05,3.08E-06,4.42E-06
524.875,5.28E-06,7.64E-06,2.91E-06,4.99E-06
524.95,6.58E-06,5.83E-06,4.16E-06,6.18E-06
525.025,5.95E-06,2.06E-06,4.45E-06,5.83E-06
525.1,3.48E-06,0,3.02E-06,6.11E-06
525.175,6.20E-06,4.45E-07,4.08E-06,5.73E-06
525.25,9.49E-06,2.93E-06,3.58E-06,4.85E-06
525.325,4.01E-06,4.70E-06,4.51E-06,5.31E-06
525.4,8.30E-07,1.82E-06,6.19E-06,4.02E-06
525.475,0,4.80E-06,3.42E-06,4.89E-06
525.55,0,1.58E-06,2.76E-06,5.10E-06
525.625,0,0,3.77E-06,6.48E-06
525.7,3.40E-06,8.28E-07,2.29E-06,4.64E-06
525.775,4.30E-06,6.85E-06,2.46E-06,3.61E-06
525.85,4.11E-06,1.13E-05,2.86E-06,3.85E-06
525.925,7.56E-07,6.04E-06,4.76E-06,4.64E-06
526,1.31E-06,4.47E-06,2.94E-06,3.68E-06
526.075,4.47E-06,0,2.92E-06,2.76E-06
526.15,6.27E-06,0,1.24E-06,1.57E-06
526.225,6.13E-06,0,1.28E-06,8.39E-07
526.3,6.38E-06,0,1.84E-06,2.06E-06
526.375,6.04E-06,0,2.97E-06,3.11E-06
526.45,4.72E-06,0,5.01E-06,3.00E-06
526.525,7.17E-07,0,3.06E-06,3.77E-06
526.6,0,2.88E-06,1.30E-06,2.98E-06
526.675,0,8.09E-06,6.07E-07,2.14E-06
526.75,4.08E-07,5.52E-06,1.43E-06,1.88E-06
526.825,3.38E-06,4.28E-06,1.16E-06,4.00E-06
526.9,6.17E-06,9.97E-06,1.58E-06,4.15E-06
526.975,5.87E-06,8.72E-06,2.11E-06,2.57E-06
527.05,5.87E-06,1.54E-06,1.13E-06,1.31E-06
527.125,8.74E-06,0,2.80E-06,2.21E-06
527.2,8.23E-06,1.78E-06,2.01E-06,3.40E-06
527.275,4.13E-06,8.94E-06,3.28E-06,3.06E-06
527.35,0,1.05E-05,4.01E-06,2.31E-06
527.425,3.01E-07,6.90E-06,3.96E-06,3.91E-06
527.5,2.30E-06,4.78E-06,2.45E-06,4.57E-06
527.575,4.36E-06,1.45E-07,1.25E-06,4.82E-06
527.65,6.03E-07,1.15E-08,1.67E-06,3.36E-06
527.725,3.80E-08,5.46E-07,1.75E-06,3.18E-06
527.8,5.89E-07,5.32E-06,1.68E-06,2.52E-06
527.875,0,2.51E-06,1.76E-06,3.11E-06
527.95,1.07E-06,2.99E-07,1.61E-06,2.15E-06
528.025,0,0,1.42E-06,2.06E-06
528.1,0,2.50E-06,1.83E-06,2.33E-06
528.175,0,4.08E-06,3.71E-06,1.94E-06
528.25,0,1.41E-06,2.63E-06,2.59E-06
528.325,8.40E-07,0,3.29E-06,3.90E-06
528.4,3.95E-06,8.51E-07,2.97E-06,2.33E-06
528.475,6.05E-06,1.40E-06,1.74E-06,1.02E-06
528.55,3.31E-06,3.57E-06,1.16E-06,1.56E-06
528.625,4.04E-07,2.77E-06,1.79E-06,3.33E-06
528.7,1.65E-06,4.45E-06,1.54E-06,3.42E-06
528.775,3.89E-06,1.28E-06,1.67E-06,2.94E-06
528.85,1.33E-06,0,4.65E-07,3.01E-06
528.925,0,0,1.52E-07,5.98E-06
529,3.62E-06,4.12E-07,1.73E-06,4.31E-06
529.075,3.01E-06,0,3.43E-06,3.39E-06
529.15,3.06E-06,0,3.22E-06,4.02E-06
529.225,4.26E-06,0,2.37E-06,4.14E-06
529.3,2.20E-06,0,3.46E-06,2.01E-06
529.375,3.45E-06,2.00E-06,1.57E-06,1.93E-06
529.45,1.79E-06,1.01E-05,1.73E-06,2.39E-06
529.525,0,4.58E-06,3.51E-06,3.40E-06
529.6,3.26E-06,2.19E-07,2.77E-06,1.97E-06
529.675,3.20E-06,0,2.36E-06,2.63E-06
529.75,2.82E-06,2.70E-06,2.82E-06,3.86E-06
529.825,4.62E-06,3.95E-06,2.50E-06,3.59E-06
529.9,6.24E-07,2.68E-06,1.34E-06,3.22E-06
529.975,0,4.76E-06,2.55E-06,4.86E-06
530.05,0,1.89E-06,1.92E-06,2.01E-06
530.125,0,6.61E-07,1.07E-06,5.37E-07
530.2,3.03E-07,7.41E-06,1.22E-06,1.15E-06
530.275,2.37E-06,1.36E-05,1.72E-06,2.70E-06
530.35,4.33E-06,1.06E-05,1.78E-06,3.42E-06
530.425,3.75E-07,5.00E-06,2.74E-06,3.22E-06
530.5,0,8.35E-06,2.23E-06,3.55E-06
530.575,8.87E-07,3.97E-06,3.11E-06,3.63E-06
530.65,3.18E-06,0,1.36E-06,2.39E-06
530.725,2.80E-06,0,1.30E-06,2.04E-06
530.8,2.65E-06,0,1.29E-06,1.28E-06
530.875,5.37E-06,2.63E-06,2.11E-06,1.67E-06
530.95,6.66E-06,3.94E-06,3.02E-06,2.38E-06
531.025,5.51E-06,1.43E-06,8.87E-07,1.56E-06
531.1,5.97E-06,0,0,1.25E-06
531.175,5.97E-06,0,4.36E-08,1.68E-06
531.25,2.55E-06,5.85E-07,3.31E-08,2.02E-06
531.325,3.69E-07,3.36E-06,1.11E-06,2.98E-06
531.4,0,7.09E-06,1.24E-06,2.53E-06
531.475,0,8.98E-06,2.58E-07,1.18E-06
531.55,1.38E-06,1.08E-05,0,6.20E-07
531.625,3.68E-06,2.63E-06,2.19E-07,5.62E-07
531.7,2.15E-06,2.64E-08,1.69E-06,1.61E-07
531.775,3.81E-06,0,8.28E-07,1.16E-06
531.85,2.87E-06,1.97E-07,8.25E-08,2.11E-06
531.925,2.97E-06,3.08E-06,0,3.68E-06
532,3.30E-06,4.35E-06,3.89E-07,2.85E-06
532.075,1.01E-06,8.20E-07,6.84E-07,2.31E-06
532.15,0,0,3.56E-07,1.73E-06
532.225,0,0,1.19E-06,1.66E-06
532.3,5.83E-07,0,1.82E-06,1.58E-06
532.375,3.18E-06,4.84E-07,9.74E-07,1.64E-06
532.45,3.24E-06,3.35E-06,5.08E-08,1.53E-06
532.525,1.71E-07,4.16E-06,0,1.78E-06
532.6,0,3.87E-07,0,1.86E-06
532.675,1.41E-06,0,2.58E-07,4.26E-06
532.75,3.50E-06,0,1.98E-07,3.12E-06
532.825,1.96E-06,0,1.65E-06,1.87E-06
532.9,4.14E-07,0,8.57E-07,8.73E-07
532.975,3.04E-06,0,2.95E-07,7.05E-07
533.05,3.68E-06,0,3.95E-08,2.07E-06
533.125,4.43E-07,0,1.13E-06,2.98E-06
533.2,1.21E-06,1.70E-06,2.27E-06,1.72E-06
533.275,5.19E-06,4.55E-06,1.08E-06,7.84E-07
533.35,1.58E-06,1.74E-06,2.41E-06,1.75E-06
533.425,3.93E-07,0,1.11E-06,2.41E-06
533.5,3.33E-06,0,9.95E-08,2.81E-06
533.575,3.26E-06,0,5.35E-07,2.27E-06
533.65,1.97E-06,5.33E-06,1.10E-06,1.34E-06
533.725,1.54E-06,7.95E-06,1.09E-06,2.29E-06
533.8,5.41E-06,2.70E-06,1.12E-06,1.80E-06
533.875,2.35E-06,0,1.08E-06,1.71E-06
533.95,3.39E-06,0,7.62E-07,3.18E-06
534.025,6.02E-06,0,2.48E-06,2.79E-06
534.1,2.86E-06,0,2.80E-06,2.02E-06
534.175,5.47E-07,0,2.52E-06,1.96E-06
534.25,1.94E-06,0,2.81E-06,1.34E-06
534.325,3.46E-06,0,5.99E-07,1.92E-06
534.4,1.47E-06,0,3.66E-07,2.50E-06
534.475,0,0,1.87E-06,2.13E-06
534.55,0,0,2.26E-06,2.26E-06
534.625,0,1.90E-08,2.28E-06,2.59E-06
534.7,0,3.14E-06,2.27E-06,3.00E-06
534.775,0,4.41E-06,1.51E-06,3.21E-06
534.85,0,1.04E-05,4.59E-07,2.24E-06
534.925,6.45E-07,1.72E-05,1.51E-06,2.91E-06
535,4.76E-06,4.39E-06,1.17E-06,1.56E-06
535.075,2.78E-06,1.73E-07,1.22E-06,9.54E-07
535.15,7.04E-06,0,1.82E-06,3.97E-07
535.225,8.88E-06,2.50E-07,1.64E-06,1.34E-06
535.3,6.54E-06,2.81E-06,1.22E-06,1.87E-06
535.375,4.11E-06,7.20E-06,6.55E-07,1.71E-06
535.45,8.14E-07,4.77E-06,6.40E-07,1.55E-06
535.525,1.11E-06,1.69E-06,1.71E-06,1.45E-06
535.6,3.36E-06,0,7.55E-07,1.01E-06
535.675,2.40E-06,0,6.41E-07,1.90E-06
535.75,0,0,1.19E-06,2.53E-06
535.825,0,0,1.79E-06,3.29E-06
535.9,0,0,2.29E-06,2.11E-06
535.975,0,0,2.23E-06,1.26E-06
536.05,0,0,9.76E-07,1.59E-06
536.125,0,0,2.63E-06,2.79E-06
536.2,3.89E-06,0,1.78E-06,1.61E-06
536.275,2.56E-06,0,2.50E-06,5.22E-07
536.35,4.20E-07,0,1.94E-06,9.87E-07
536.425,2.24E-06,0,2.01E-06,1.58E-06
536.5,3.41E-06,0,8.37E-07,1.47E-06
536.575,1.22E-06,0,5.92E-08,2.21E-06
536.65,1.06E-06,0,3.15E-07,2.75E-06
536.725,3.52E-06,9.91E-07,1.47E-06,3.27E-06
536.8,6.09E-06,3.65E-06,1.19E-06,3.69E-06
536.875,3.49E-06,6.98E-06,1.82E-06,2.39E-06
536.95,5.43E-06,3.52E-06,2.90E-06,1.40E-06
537.025,1.24E-05,8.53E-07,1.63E-06,1.35E-06
537.1,9.21E-06,0,4.42E-07,1.53E-06
537.175,3.21E-06,1.31E-06,1.13E-06,2.19E-06
537.25,3.91E-06,4.40E-06,1.42E-06,1.48E-06
537.325,2.09E-06,6.94E-06,1.53E-06,8.30E-07
537.4,3.69E-08,2.93E-06,5.75E-07,5.97E-07
537.475,2.66E-06,4.64E-07,1.02E-06,1.51E-06
537.55,3.26E-06,0,7.79E-07,1.86E-06
537.625,2.48E-06,0,4.29E-07,2.24E-06
537.7,3.89E-06,0,1.12E-06,1.73E-06
537.775,1.45E-06,1.28E-06,1.85E-06,7.72E-07
537.85,0,3.87E-06,1.48E-06,3.82E-07
537.925,0,2.85E-06,5.32E-07,4.58E-07
538,0,1.16E-07,6.43E-07,1.08E-06
538.075,0,2.80E-06,1.16E-06,1.86E-06
538.15,0,4.41E-06,7.01E-07,1.43E-06
538.225,0,9.48E-07,1.98E-07,1.24E-06
538.3,0,0,0,1.11E-06
538.375,0,0,7.12E-08,1.28E-06
538.45,0,0,7.49E-07,1.80E-06
538.525,2.24E-07,0,6.29E-07,2.26E-06
538.6,2.58E-06,0,1.11E-06,2.49E-06
538.675,4.00E-06,0,1.94E-06,2.15E-06
538.75,1.08E-06,9.55E-08,1.15E-06,1.20E-06
538.825,4.27E-08,0,1.13E-06,9.55E-07
538.9,1.05E-06,0,1.64E-06,8.72E-07
538.975,1.02E-06,0,3.48E-06,1.46E-06
539.05,5.77E-06,0,3.22E-06,7.74E-07
539.125,5.86E-06,0,1.97E-06,8.04E-07
539.2,3.85E-06,0,1.67E-06,8.76E-07
539.275,2.05E-07,0,1.97E-06,1.51E-06
539.35,0,0,1.40E-06,2.65E-06
539.425,1.05E-06,0,7.47E-07,2.86E-06
539.5,3.41E-06,0,4.22E-07,1.47E-06
539.575,2.40E-06,4.27E-07,3.58E-06,2.00E-06
539.65,0,3.86E-06,3.85E-06,2.13E-06
539.725,0,4.05E-06,2.98E-06,1.32E-06
539.8,0,5.23E-07,2.26E-06,6.95E-07
539.875,0,0,3.17E-07,1.14E-06
539.95,1.29E-09,0,6.93E-08,2.13E-06
540.025,0,0,1.00E-06,1.90E-06
540.1,0,0,1.16E-06,1.06E-06
540.175,0,0,2.56E-06,1.69E-06
540.25,0,0,2.39E-06,2.18E-06
540.325,0,0,2.29E-06,3.25E-06
540.4,0,0,1.61E-06,2.27E-06
540.475,0,0,2.60E-07,7.01E-07
540.55,0,1.25E-06,0,9.64E-07
540.625,0,4.05E-06,3.49E-08,1.20E-06
540.7,2.42E-07,3.51E-06,7.01E-07,4.58E-07
540.775,2.71E-06,7.24E-06,5.19E-07,3.65E-07
540.85,3.56E-06,8.66E-06,8.61E-08,6.18E-07
540.925,2.47E-06,1.02E-06,1.62E-08,8.49E-07
541,3.59E-06,5.84E-07,1.29E-07,1.31E-06
541.075,1.39E-06,0,1.39E-06,1.77E-06
541.15,2.24E-07,0,1.91E-06,1.57E-06
541.225,4.03E-07,0,2.35E-06,1.73E-06
541.3,3.29E-06,0,2.37E-06,2.21E-06
541.375,3.54E-06,3.10E-07,2.30E-06,1.52E-06
541.45,4.10E-07,2.54E-06,1.49E-06,6.33E-07
541.525,1.46E-06,7.39E-06,4.96E-07,1.85E-06
541.6,3.97E-06,4.58E-06,1.11E-06,3.10E-06
541.675,2.40E-06,1.82E-06,1.80E-06,2.39E-06
541.75,3.33E-06,0,6.82E-07,2.09E-06
541.825,2.58E-06,0,4.57E-08,1.31E-06
541.9,0,0,1.13E-06,6.03E-07
541.975,8.91E-08,0,1.23E-06,6.67E-07
542.05,1.61E-06,0,9.42E-07,1.07E-06
542.125,4.60E-06,0,1.45E-06,1.84E-06
542.2,9.76E-07,0,8.93E-07,2.24E-06
542.275,7.47E-07,0,1.59E-06,2.63E-06
542.35,3.29E-06,0,2.34E-06,2.29E-06
542.425,2.84E-06,0,2.26E-06,2.86E-06
542.5,1.19E-07,0,1.88E-06,1.35E-06
542.575,1.87E-06,0,1.59E-06,6.65E-07
542.65,4.38E-06,0,1.85E-06,1.17E-06
542.725,8.96E-07,0,3.90E-07,1.86E-06
542.8,8.23E-07,1.19E-06,1.25E-06,5.20E-07
542.875,3.48E-06,1.47E-06,1.73E-06,7.41E-07
542.95,2.58E-06,3.04E-06,1.58E-06,1.08E-06
543.025,2.69E-06,3.37E-06,5.96E-07,1.71E-06
543.1,3.36E-06,3.90E-06,8.65E-08,2.24E-06
543.175,8.26E-07,8.15E-07,3.17E-07,2.94E-06
543.25,0,0,8.34E-07,1.79E-06
543.325,0,0,3.96E-07,2.15E-06
543.4,1.99E-07,0,6.44E-07,1.86E-06
543.475,0,6.24E-07,5.45E-07,1.95E-06
543.55,0,3.52E-06,5.40E-07,1.65E-06
543.625,0,3.85E-06,6.34E-07,2.48E-06
543.7,0,2.07E-07,3.83E-07,3.02E-06
543.775,0,0,6.78E-07,2.11E-06
543.85,0,0,7.74E-07,1.46E-06
543.925,0,5.12E-07,2.32E-06,3.14E-06
544,4.81E-07,4.84E-06,1.09E-06,3.07E-06
544.075,3.21E-06,3.03E-06,3.60E-08,1.45E-06
544.15,3.44E-06,3.75E-07,0,6.46E-07
544.225,3.11E-07,0,3.79E-07,1.41E-06
544.3,1.74E-06,0,9.89E-08,1.97E-06
544.375,3.47E-06,0,1.01E-06,2.85E-06
544.45,2.31E-06,0,2.57E-06,1.25E-06
544.525,4.66E-06,0,1.37E-06,1.07E-06
544.6,6.05E-06,0,2.13E-07,1.25E-06
544.675,6.27E-06,0,1.02E-06,9.11E-07
544.75,3.81E-06,0,6.48E-07,1.27E-06
544.825,5.41E-07,0,3.86E-07,1.57E-06
544.9,1.53E-06,0,1.25E-06,1.42E-06
544.975,1.85E-06,0,1.82E-06,2.38E-06
545.05,1.91E-06,0,1.47E-06,2.09E-06
545.125,0,0,1.02E-06,2.89E-06
545.2,0,0,1.12E-06,2.16E-06
545.275,0,0,1.07E-06,8.06E-07
545.35,0,0,7.16E-07,5.90E-07
545.425,0,0,5.05E-07,7.35E-07
545.5,0,0,6.62E-07,8.79E-07
545.575,0,7.59E-07,3.63E-07,2.34E-06
545.65,1.70E-07,5.76E-06,8.05E-07,1.55E-06
545.725,0,6.47E-06,4.53E-07,8.29E-07
545.8,0,3.73E-06,5.82E-08,5.87E-07
545.875,0,0,3.32E-08,6.38E-07
545.95,0,0,3.49E-07,5.62E-07
546.025,1.41E-06,0,1.17E-06,7.08E-07
546.1,3.53E-06,0,1.16E-06,7.25E-07
546.175,1.93E-06,0,9.51E-07,1.53E-06
546.25,8.06E-07,0,4.69E-07,8.59E-07
546.325,9.22E-06,0,1.49E-06,2.36E-06
546.4,1.05E-05,0,2.94E-06,2.03E-06
546.475,1.54E-06,0,3.63E-06,1.61E-06
546.55,0,0,9.20E-07,1.80E-06
546.625,0,0,3.62E-07,2.51E-06
546.7,0,0,1.27E-06,1.04E-06
546.775,6.88E-08,0,1.72E-06,3.36E-07
546.85,3.27E-06,0,1.63E-06,5.13E-07
546.925,3.04E-06,0,1.65E-06,1.30E-06
547,6.04E-07,0,1.01E-06,1.55E-06
547.075,0,0,6.24E-07,1.05E-06
547.15,9.10E-10,0,9.84E-07,7.47E-07
547.225,1.31E-07,1.37E-06,1.49E-06,1.33E-06
547.3,4.80E-06,4.85E-06,3.35E-07,1.22E-06
547.375,5.72E-06,4.12E-06,5.09E-08,1.53E-06
547.45,3.40E-06,3.47E-06,1.15E-06,5.15E-07
547.525,1.51E-07,0,1.22E-06,6.44E-07
547.6,0,0,6.15E-07,9.35E-07
547.675,1.57E-06,0,1.08E-06,7.00E-07
547.75,3.43E-06,0,1.42E-06,2.15E-07
547.825,1.87E-06,0,1.08E-06,5.42E-07
547.9,0,2.67E-07,1.08E-06,6.92E-07
547.975,0,4.02E-06,4.71E-07,9.62E-07
548.05,0,6.84E-06,5.50E-09,5.09E-07
548.125,0,4.33E-06,4.38E-07,4.37E-07
548.2,0,9.95E-07,3.19E-07,2.41E-07
548.275,8.92E-07,0,4.02E-07,1.19E-06
548.35,4.31E-06,0,1.15E-06,2.74E-06
548.425,1.92E-06,0,1.01E-06,2.05E-06
548.5,1.08E-07,0,1.86E-06,1.54E-06
548.575,0,0,1.05E-06,1.24E-06
548.65,0,1.98E-07,1.80E-07,9.39E-07
548.725,1.88E-06,2.25E-06,3.27E-07,1.30E-06
548.8,3.48E-06,5.64E-06,9.78E-08,1.91E-06
548.875,2.55E-06,8.73E-07,1.99E-07,2.06E-06
548.95,4.28E-06,1.21E-08,0,1.29E-06
549.025,5.60E-06,0,1.24E-07,1.54E-06
549.1,2.83E-06,3.47E-07,6.10E-07,1.47E-06
549.175,2.57E-06,0,1.73E-06,9.70E-07
549.25,3.27E-06,1.30E-07,2.17E-06,6.47E-07
549.325,1.03E-06,1.81E-06,2.24E-06,1.12E-06
549.4,0,5.88E-06,1.08E-06,1.67E-06
549.475,0,1.37E-06,2.09E-07,2.49E-06
549.55,0,7.11E-08,3.70E-08,1.47E-06
549.625,0,0,6.75E-07,2.27E-06
549.7,0,0,5.41E-07,2.31E-06
549.775,0,0,5.33E-07,2.26E-06
549.85,0,0,1.04E-06,1.91E-06
549.925,0,0,1.36E-06,1.53E-06
550,1.79E-06,0,1.90E-06,1.55E-06
550.075,3.68E-06,1.05E-06,6.52E-07,2.54E-06
550.15,4.56E-06,3.70E-06,7.37E-07,1.93E-06
550.225,3.00E-06,6.98E-06,4.91E-07,2.72E-06
550.3,3.09E-06,3.46E-06,9.57E-08,2.60E-06
550.375,7.81E-07,8.00E-07,3.71E-07,1.95E-06
550.45,0,0,6.65E-07,1.87E-06
550.525,0,1.48E-06,1.79E-07,2.20E-06
550.6,6.17E-07,4.74E-06,0,1.44E-06
550.675,3.77E-06,6.99E-06,1.38E-07,1.32E-06
550.75,2.79E-06,3.00E-06,2.81E-07,9.30E-07
550.825,2.94E-06,3.45E-07,5.83E-07,1.69E-06
550.9,3.21E-06,0,0,1.80E-06
550.975,9.56E-07,0,3.64E-07,1.74E-06
551.05,0,0,1.12E-06,1.23E-06
551.125,0,0,1.76E-06,1.88E-06
551.2,0,0,6.49E-07,2.47E-06
551.275,0,0,8.49E-07,1.49E-06
551.35,0,8.89E-08,1.98E-06,1.03E-06
551.425,5.24E-08,2.91E-06,1.94E-06,6.67E-07
551.5,1.64E-06,6.63E-06,2.68E-07,5.85E-07
551.575,4.33E-06,5.09E-06,3.21E-07,1.08E-06
551.65,1.04E-06,1.47E-06,6.42E-07,1.30E-06
551.725,0,0,1.93E-06,9.23E-07
551.8,0,0,7.53E-07,9.99E-07
551.875,0,0,7.70E-07,9.17E-07
551.95,0,3.28E-06,5.03E-08,1.28E-06
552.025,0,3.69E-06,4.66E-07,1.00E-06
552.1,0,1.02E-06,6.76E-07,5.38E-07
552.175,0,0,7.18E-07,9.20E-07
552.25,0,0,1.35E-06,5.90E-07
552.325,0,0,7.09E-07,5.03E-07
552.4,0,0,0,1.07E-06
552.475,0,0,6.53E-08,9.76E-07
552.55,0,0,9.26E-07,3.31E-07
552.625,0,0,1.41E-06,1.77E-06
552.7,0,0,7.69E-07,2.60E-06
552.775,0,0,1.64E-06,2.33E-06
552.85,1.14E-06,0,6.24E-07,1.89E-06
552.925,5.99E-06,0,4.22E-08,1.32E-06
553,8.67E-06,0,1.29E-06,4.79E-07
553.075,3.92E-06,3.13E-06,2.16E-06,4.47E-08
553.15,0,3.88E-06,1.61E-06,5.61E-07
553.225,0,2.67E-06,9.01E-07,1.15E-06
553.3,0,5.14E-06,1.43E-06,1.63E-06
553.375,3.52E-07,1.32E-06,1.49E-06,2.22E-06
553.45,4.00E-06,0,1.73E-07,1.84E-06
553.525,2.68E-06,0,7.94E-07,2.19E-06
553.6,3.71E-07,0,7.73E-07,1.50E-06
553.675,0,0,8.10E-07,1.07E-06
553.75,0,2.20E-06,3.43E-07,7.73E-07
553.825,0,6.05E-06,1.20E-06,1.54E-06
553.9,0,5.57E-06,1.33E-06,1.09E-06
553.975,0,2.17E-06,1.86E-06,5.36E-07
554.05,0,6.04E-07,2.32E-06,1.67E-06
554.125,0,3.61E-06,1.94E-06,1.72E-06
554.2,0,3.98E-06,2.16E-06,1.42E-06
554.275,0,2.73E-07,2.51E-06,1.74E-06
554.35,0,1.84E-06,9.65E-07,6.50E-07
554.425,0,2.37E-06,4.47E-07,6.24E-07
554.5,0,7.20E-06,7.47E-07,4.85E-07
554.575,0,6.12E-06,1.27E-06,4.46E-07
554.65,0,3.00E-06,1.28E-06,1.17E-06
554.725,0,0,2.79E-06,1.34E-06
554.8,0,0,2.77E-06,1.53E-06
554.875,0,0,6.52E-07,2.10E-06
554.95,0,0,8.76E-07,1.67E-06
555.025,0,0,1.77E-07,9.08E-07
555.1,0,0,2.84E-07,1.15E-06
555.175,0,4.28E-06,1.25E-06,8.44E-07
555.25,0,3.15E-06,1.05E-06,9.21E-07
555.325,0,5.65E-07,6.27E-09,1.57E-06
555.4,1.82E-06,0,0,1.75E-06
555.475,3.63E-06,0,5.51E-07,1.92E-06
555.55,1.42E-06,0,1.45E-06,1.85E-06
555.625,0,0,5.75E-07,1.88E-06
555.7,0,7.96E-07,0,1.43E-06
555.775,2.81E-07,3.48E-06,6.98E-07,1.44E-06
555.85,2.62E-06,3.84E-06,1.07E-06,8.69E-07
555.925,4.24E-06,2.19E-07,8.68E-07,6.98E-07
556,5.36E-07,4.15E-06,6.48E-07,5.97E-07
556.075,0,0,1.78E-06,1.39E-06
556.15,0,0,4.37E-07,1.24E-06
556.225,0,0,2.02E-07,1.38E-06
556.3,3.21E-07,0,9.70E-07,2.76E-06
556.375,2.88E-06,0,1.16E-06,2.50E-06
556.45,6.19E-06,0,3.05E-07,9.54E-07
556.525,4.03E-06,2.38E-06,1.19E-06,1.29E-06
556.6,1.13E-06,3.97E-06,6.98E-07,8.94E-07
556.675,0,1.64E-06,2.40E-07,1.20E-06
556.75,0,0,0,8.69E-07
556.825,0,0,3.58E-08,1.27E-06
556.9,1.08E-07,0,6.21E-07,2.15E-06
556.975,2.39E-06,2.14E-07,5.90E-07,2.77E-06
557.05,3.82E-06,2.49E-06,1.18E-07,1.84E-06
557.125,8.12E-07,4.88E-06,2.71E-07,1.24E-06
557.2,0,8.20E-07,8.77E-07,1.68E-06
557.275,0,0,2.18E-07,1.09E-06
557.35,0,1.63E-06,6.12E-09,1.51E-06
557.425,0,5.55E-06,0,1.40E-06
557.5,0,1.04E-05,0,8.13E-07
557.575,2.20E-06,4.44E-06,0,2.16E-06
557.65,3.65E-06,3.74E-07,0,2.54E-06
557.725,1.26E-06,0,0,1.55E-06
557.8,0,0,4.86E-07,1.17E-06
557.875,0,6.73E-07,2.24E-06,1.81E-06
557.95,0,4.38E-06,1.97E-06,3.01E-06
558.025,0,3.35E-06,6.25E-07,1.91E-06
558.1,0,3.08E-07,6.04E-07,1.00E-06
558.175,0,0,1.67E-06,1.66E-06
558.25,0,0,8.29E-07,1.22E-06
558.325,4.51E-07,0,1.01E-06,1.52E-06
558.4,5.36E-06,0,6.68E-07,1.17E-06
558.475,5.43E-06,0,3.84E-07,1.30E-06
558.55,3.10E-06,0,0,1.46E-06
558.625,0,0,0,2.90E-06
558.7,2.06E-06,0,0,2.25E-06
558.775,3.57E-06,0,0,6.27E-07
558.85,1.25E-06,0,5.09E-07,3.97E-07
558.925,0,0,1.55E-06,7.15E-07
559,0,0,1.41E-06,3.14E-07
559.075,2.65E-07,4.26E-06,4.25E-07,1.47E-07
559.15,2.89E-06,3.66E-06,1.94E-08,6.08E-07
559.225,3.74E-06,6.30E-06,0,3.30E-07
559.3,5.78E-07,9.10E-06,0,2.77E-07
559.375,0,1.19E-06,0,6.14E-07
559.45,1.45E-06,0,3.05E-07,5.72E-07
559.525,0,0,1.74E-06,2.02E-07
559.6,0,0,1.51E-06,3.17E-07
559.675,0,0,5.59E-07,6.89E-07
559.75,0,3.19E-06,4.74E-08,8.87E-07
559.825,0,3.81E-06,0,1.50E-06
559.9,0,9.94E-07,0,8.74E-07
559.975,0,0,0,3.37E-07
560.05,0,0,0,5.10E-07
560.125,0,0,0,4.38E-07
560.2,0,0,0,4.01E-07